{"cameraMode":{"drawMode":0,"name":"Shaded","section":"Shading Mode"},"sceneLighting":false,"audioPlay":false,"sceneViewState":{"showFog":true,"showMaterialUpdate":false,"showSkybox":false,"showFlares":true,"showImageEffects":true,"showParticleSystems":true},"in2DMode":false,"pivot":{"x":581.4244384765625,"y":-108.63931274414063,"z":0.0},"rotation":{"x":0.013175193220376969,"y":-0.04738111048936844,"z":-0.0006249283906072378,"w":-0.9987905621528626},"size":572.4595947265625,"orthographic":false}