{"cameraMode":{"drawMode":0,"name":"Shaded","section":"Shading Mode"},"sceneLighting":true,"audioPlay":false,"sceneViewState":{"showFog":true,"showMaterialUpdate":false,"showSkybox":true,"showFlares":true,"showImageEffects":true,"showParticleSystems":true},"in2DMode":false,"pivot":{"x":441.8299865722656,"y":2.25,"z":235.61572265625},"rotation":{"x":-0.23897048830986024,"y":0.005920295137912035,"z":-0.0014572317013517023,"w":-0.9710099697113037},"size":4.091287612915039,"orthographic":false}