{"cameraMode":{"drawMode":0,"name":"Shaded","section":"Shading Mode"},"sceneLighting":false,"audioPlay":false,"sceneViewState":{"showFog":true,"showMaterialUpdate":true,"showSkybox":false,"showFlares":true,"showImageEffects":true,"showParticleSystems":true},"in2DMode":false,"pivot":{"x":498.4442138671875,"y":23.335609436035158,"z":0.7734628915786743},"rotation":{"x":-0.016808686777949334,"y":-0.003902066731825471,"z":0.00006561271584359929,"w":-0.9998513460159302},"size":518.6658935546875,"orthographic":false}