{"cameraMode":{"drawMode":0,"name":"Shaded","section":"Shading Mode"},"sceneLighting":true,"audioPlay":false,"sceneViewState":{"showFog":true,"showMaterialUpdate":true,"showSkybox":true,"showFlares":true,"showImageEffects":true,"showParticleSystems":true},"in2DMode":false,"pivot":{"x":250.0,"y":28.080974578857423,"z":250.00003051757813},"rotation":{"x":-0.22263796627521516,"y":-0.17524893581867219,"z":0.04072105139493942,"w":-0.9581556916236877},"size":354.6668395996094,"orthographic":false}