{"cameraMode":{"drawMode":0,"name":"Shaded","section":"Shading Mode"},"sceneLighting":true,"audioPlay":false,"sceneViewState":{"showFog":true,"showMaterialUpdate":true,"showSkybox":true,"showFlares":true,"showImageEffects":true,"showParticleSystems":true},"in2DMode":false,"pivot":{"x":882.9202880859375,"y":284.94036865234377,"z":0.0},"rotation":{"x":-0.07511874288320542,"y":-0.05621294677257538,"z":0.004241453483700752,"w":-0.9955800771713257},"size":724.3637084960938,"orthographic":false}