{"cameraMode":{"drawMode":0,"name":"Shaded","section":"Shading Mode"},"sceneLighting":true,"audioPlay":false,"sceneViewState":{"showFog":true,"showMaterialUpdate":true,"showSkybox":true,"showFlares":true,"showImageEffects":true,"showParticleSystems":true},"in2DMode":false,"pivot":{"x":442.0277099609375,"y":2.985297918319702,"z":274.0074462890625},"rotation":{"x":-0.07511874288320542,"y":-0.05621294677257538,"z":0.004241453483700752,"w":-0.9955800771713257},"size":3.620867967605591,"orthographic":false}